{"cameraMode":{"drawMode":0,"name":"Shaded","section":"Shading Mode"},"sceneLighting":false,"audioPlay":false,"sceneViewState":{"showFog":true,"showMaterialUpdate":false,"showSkybox":false,"showFlares":true,"showImageEffects":true,"showParticleSystems":true},"in2DMode":false,"pivot":{"x":-2.9802322387695315e-8,"y":0.5173887014389038,"z":0.16561077535152436},"rotation":{"x":0.0862090066075325,"y":0.6240842342376709,"z":-0.06956400722265244,"w":0.7734647393226624},"size":2.867013931274414,"orthographic":false}