{"cameraMode":{"drawMode":0,"name":"Shaded","section":"Shading Mode"},"sceneLighting":false,"audioPlay":false,"sceneViewState":{"showFog":true,"showMaterialUpdate":false,"showSkybox":false,"showFlares":true,"showImageEffects":true,"showParticleSystems":true},"in2DMode":false,"pivot":{"x":-0.14715436100959779,"y":0.09605076909065247,"z":-0.7135125398635864},"rotation":{"x":0.3181115388870239,"y":0.13113081455230714,"z":-0.044480226933956149,"w":0.937886655330658},"size":5.903122425079346,"orthographic":false}