{"cameraMode":{"drawMode":0,"name":"Shaded","section":"Shading Mode"},"sceneLighting":false,"audioPlay":false,"sceneViewState":{"showFog":true,"showMaterialUpdate":false,"showSkybox":false,"showFlares":true,"showImageEffects":true,"showParticleSystems":true},"in2DMode":false,"pivot":{"x":23.568586349487306,"y":0.6748312711715698,"z":23.559017181396486},"rotation":{"x":0.015905771404504777,"y":-0.9727301001548767,"z":0.07015806436538696,"w":0.22050189971923829},"size":8.273555755615235,"orthographic":false}