{"cameraMode":{"drawMode":0,"name":"Shaded","section":"Shading Mode"},"sceneLighting":false,"audioPlay":false,"sceneViewState":{"showFog":true,"showMaterialUpdate":false,"showSkybox":false,"showFlares":true,"showImageEffects":true,"showParticleSystems":true},"in2DMode":false,"pivot":{"x":0.0,"y":1.2474863529205323,"z":0.39595603942871096},"rotation":{"x":0.004653137177228928,"y":0.9948191046714783,"z":-0.05377591773867607,"w":0.0861477255821228},"size":7.194401741027832,"orthographic":false}