{"cameraMode":{"drawMode":0,"name":"Shaded","section":"Shading Mode"},"sceneLighting":false,"audioPlay":false,"sceneViewState":{"showFog":true,"showMaterialUpdate":false,"showSkybox":false,"showFlares":true,"showImageEffects":true,"showParticleSystems":true},"in2DMode":false,"pivot":{"x":18.091045379638673,"y":1.4083490371704102,"z":36.14934158325195},"rotation":{"x":0.23757755756378175,"y":-0.4468967020511627,"z":0.12440290302038193,"w":0.8534425497055054},"size":13.367786407470704,"orthographic":false}